{"name": "Arcade", "version": "1.0", "location": {"callable": {"Pacman.update": ["game/pac-man.rpy", 392], "Pacman2_Ghost.wrap_ghost": ["game/pac-man2.rpy", 484], "Pacman.event": ["game/pac-man.rpy", 1099], "Pacman.random_pick": ["game/pac-man.rpy", 724], "Snake.update_snake": ["game/snake.rpy", 131], "Pacman2.setup": ["game/pac-man2.rpy", 894], "Pacman2_Ghost.kill": ["game/pac-man2.rpy", 534], "Pacman.move": ["game/pac-man.rpy", 783], "Pacman2_Ghost.revive": ["game/pac-man2.rpy", 554], "Pacman.ghost_pick": ["game/pac-man.rpy", 627], "Pacman2_Ghost.move": ["game/pac-man2.rpy", 395], "Pacman2.event": ["game/pac-man2.rpy", 1094], "Pacman2_Pacman.update": ["game/pac-man2.rpy", 605], "Pacman2.blinky": ["game/pac-man2.rpy", 972], "Pacman2_Ghost.__init__": ["game/pac-man2.rpy", 189], "Pacman.restart": ["game/pac-man.rpy", 1008], "Pacman.score_update": ["game/pac-man.rpy", 1066], "Pacman2_Pacman.__init__": ["game/pac-man2.rpy", 568], "Pacman2.__init__": ["game/pac-man2.rpy", 720], "Snake.__init__": ["game/snake.rpy", 31], "Pacman2_Ghost.image_update": ["game/pac-man2.rpy", 451], "Pacman2.inky": ["game/pac-man2.rpy", 982], "Snake.create_snake": ["game/snake.rpy", 116], "Pacman.pacman_turn": ["game/pac-man.rpy", 990], "Pacman2.update": ["game/pac-man2.rpy", 1025], "Snake.create_bg": ["game/snake.rpy", 85], "Pacman2.pinky": ["game/pac-man2.rpy", 975], "Pacman2.score_change": ["game/pac-man2.rpy", 1000], "Pacman2_Pacman.wrap_pacman": ["game/pac-man2.rpy", 708], "Pacman.__init__": ["game/pac-man.rpy", 276], "Pacman2_Ghost.update": ["game/pac-man2.rpy", 243], "Snake.die": ["game/snake.rpy", 186], "Pacman2_Ghost.release": ["game/pac-man2.rpy", 497], "Pacman.death": ["game/pac-man.rpy", 968], "Snake.event": ["game/snake.rpy", 254], "Pacman2_Pacman.die": ["game/pac-man2.rpy", 714], "Snake.update": ["game/snake.rpy", 194], "Pacman2.clyde": ["game/pac-man2.rpy", 993]}, "screen": {"load": ["game/screens.rpy", 592], "help": ["game/screens.rpy", 969], "say": ["game/screens.rpy", 98], "notify": ["game/screens.rpy", 1253], "keyboard_help": ["game/screens.rpy", 998], "gamepad_help": ["game/screens.rpy", 1068], "preferences": ["game/screens.rpy", 714], "confirm": ["game/screens.rpy", 1134], "mouse_help": ["game/screens.rpy", 1045], "input": ["game/screens.rpy", 174], "save": ["game/screens.rpy", 585], "skip_indicator": ["game/screens.rpy", 1197], "file_slots": ["game/screens.rpy", 599], "choice": ["game/screens.rpy", 207], "game_menu": ["game/screens.rpy", 417], "snake": ["game/snake.rpy", 279], "main_menu": ["game/screens.rpy", 352], "nvl": ["game/screens.rpy", 1292], "quick_menu": ["game/screens.rpy", 1414], "about": ["game/screens.rpy", 541], "nvl_dialogue": ["game/screens.rpy", 1324], "navigation": ["game/screens.rpy", 292], "history": ["game/screens.rpy", 881]}, "define": {"gui.accent_color": ["game/gui.rpy", 26], "gui.interface_text_size": ["game/gui.rpy", 73], "build.name": ["game/options.rpy", 40], "gui.bar_tile": ["game/gui.rpy", 311], "gui.nvl_thought_xpos": ["game/gui.rpy", 389], "gui.slot_button_text_idle_color": ["game/gui.rpy", 228], "config.history_length": ["game/gui.rpy", 335], "config.after_load_transition": ["game/options.rpy", 86], "gui.page_spacing": ["game/gui.rpy", 267], "gui.page_button_borders": ["game/gui.rpy", 187], "gui.idle_color": ["game/gui.rpy", 29], "config.window": ["game/options.rpy", 108], "gui.slider_tile": ["game/gui.rpy", 313], "gui.main_menu_text_xalign": ["game/gui.rpy", 273], "gui.nvl_button_xalign": ["game/gui.rpy", 396], "gui.nvl_text_ypos": ["game/gui.rpy", 383], "gui.frame_borders": ["game/gui.rpy", 282], "gui.nvl_list_length": ["game/gui.rpy", 364], "gui.slot_button_borders": ["game/gui.rpy", 225], "gui.scrollbar_borders": ["game/gui.rpy", 317], "config.enter_transition": ["game/options.rpy", 75], "gui.pref_spacing": ["game/gui.rpy", 261], "gui.dialogue_text_xalign": ["game/gui.rpy", 139], "gui.nvl_text_xpos": ["game/gui.rpy", 382], "config.window_icon": ["game/options.rpy", 152], "gui.muted_color": ["game/gui.rpy", 47], "gui.dialogue_ypos": ["game/gui.rpy", 132], "config.has_sound": ["game/options.rpy", 48], "gui.button_text_font": ["game/gui.rpy", 159], "gui.nvl_name_ypos": ["game/gui.rpy", 377], "gui.game_menu_background": ["game/gui.rpy", 89], "gui.choice_button_text_hover_color": ["game/gui.rpy", 213], "gui.nvl_button_xpos": ["game/gui.rpy", 395], "gui.name_xalign": ["game/gui.rpy", 112], "gui.namebox_borders": ["game/gui.rpy", 121], "gui.frame_tile": ["game/gui.rpy", 294], "gui.nvl_text_xalign": ["game/gui.rpy", 385], "gui.vbar_borders": ["game/gui.rpy", 321], "config.end_game_transition": ["game/options.rpy", 91], "gui.slot_button_text_size": ["game/gui.rpy", 226], "gui.dialogue_xpos": ["game/gui.rpy", 131], "gui.namebox_height": ["game/gui.rpy", 117], "config.version": ["game/options.rpy", 26], "gui.history_text_width": ["game/gui.rpy", 351], "gui.radio_button_borders": ["game/gui.rpy", 181], "gui.button_text_size": ["game/gui.rpy", 162], "config.window_hide_transition": ["game/options.rpy", 114], "gui.about": ["game/options.rpy", 32], "gui.navigation_spacing": ["game/gui.rpy", 258], "gui.choice_button_borders": ["game/gui.rpy", 208], "config.intra_transition": ["game/options.rpy", 81], "gui.slot_button_width": ["game/gui.rpy", 223], "gui.choice_button_text_xalign": ["game/gui.rpy", 211], "gui.show_name": ["game/options.rpy", 21], "gui.skip_frame_borders": ["game/gui.rpy", 288], "gui.title_text_size": ["game/gui.rpy", 82], "audio.pacman2_beginning": ["game/pac-man2.rpy", 177], "gui.button_text_idle_color": ["game/gui.rpy", 165], "gui.name_text_font": ["game/gui.rpy", 61], "audio.pacman2_chomp": ["game/pac-man2.rpy", 174], "gui.navigation_xpos": ["game/gui.rpy", 246], "gui.slot_button_height": ["game/gui.rpy", 224], "gui.history_text_ypos": ["game/gui.rpy", 350], "config.nvl_list_length": ["game/screens.rpy", 1345], "gui.notify_text_size": ["game/gui.rpy", 79], "config.has_voice": ["game/options.rpy", 50], "gui.selected_color": ["game/gui.rpy", 40], "audio.pacman2_intermission": ["game/pac-man2.rpy", 176], "gui.history_text_xpos": ["game/gui.rpy", 349], "gui.nvl_borders": ["game/gui.rpy", 360], "gui.confirm_button_text_xalign": ["game/gui.rpy", 185], "gui.text_font": ["game/gui.rpy", 58], "gui.history_name_xpos": ["game/gui.rpy", 343], "gui.main_menu_background": ["game/gui.rpy", 88], "gui.button_width": ["game/gui.rpy", 148], "gui.button_text_selected_color": ["game/gui.rpy", 167], "gui.nvl_thought_ypos": ["game/gui.rpy", 390], "config.save_directory": ["game/options.rpy", 145], "gui.skip_ypos": ["game/gui.rpy", 249], "gui.namebox_tile": ["game/gui.rpy", 125], "gui.nvl_text_width": ["game/gui.rpy", 384], "gui.hover_color": ["game/gui.rpy", 36], "gui.interface_text_color": ["game/gui.rpy", 52], "config.thumbnail_width": ["game/gui.rpy", 231], "gui.idle_small_color": ["game/gui.rpy", 33], "config.exit_transition": ["game/options.rpy", 76], "gui.button_text_xalign": ["game/gui.rpy", 172], "gui.name_xpos": ["game/gui.rpy", 107], "gui.name_text_size": ["game/gui.rpy", 70], "gui.history_text_xalign": ["game/gui.rpy", 352], "audio.pacman2_death": ["game/pac-man2.rpy", 175], "gui.file_slot_rows": ["game/gui.rpy", 236], "gui.button_text_insensitive_color": ["game/gui.rpy", 168], "gui.hover_muted_color": ["game/gui.rpy", 48], "gui.scrollbar_size": ["game/gui.rpy", 307], "gui.quick_button_text_selected_color": ["game/gui.rpy", 192], "gui.nvl_thought_width": ["game/gui.rpy", 391], "gui.history_height": ["game/gui.rpy", 339], "gui.text_size": ["game/gui.rpy", 67], "gui.unscrollable": ["game/gui.rpy", 327], "gui.choice_button_text_font": ["game/gui.rpy", 209], "gui.slot_spacing": ["game/gui.rpy", 270], "gui.quick_button_text_idle_color": ["game/gui.rpy", 191], "config.window_show_transition": ["game/options.rpy", 113], "config.narrator_menu": ["game/screens.rpy", 217], "gui.nvl_height": ["game/gui.rpy", 368], "gui.choice_button_height": ["game/gui.rpy", 206], "gui.nvl_spacing": ["game/gui.rpy", 372], "quick_menu": ["game/screens.rpy", 271], "gui.insensitive_color": ["game/gui.rpy", 43], "gui.bar_borders": ["game/gui.rpy", 316], "gui.dialogue_width": ["game/gui.rpy", 135], "gui.scrollbar_tile": ["game/gui.rpy", 312], "gui.quick_button_text_size": ["game/gui.rpy", 190], "config.has_music": ["game/options.rpy", 49], "gui.textbox_height": ["game/gui.rpy", 98], "gui.file_slot_cols": ["game/gui.rpy", 235], "gui.text_color": ["game/gui.rpy", 51], "gui.history_name_xalign": ["game/gui.rpy", 346], "config.name": ["game/options.rpy", 15], "gui.button_text_hover_color": ["game/gui.rpy", 166], "gui.textbox_yalign": ["game/gui.rpy", 102], "gui.nvl_name_width": ["game/gui.rpy", 378], "gui.choice_button_text_idle_color": ["game/gui.rpy", 212], "gui.button_borders": ["game/gui.rpy", 152], "gui.button_tile": ["game/gui.rpy", 156], "gui.choice_button_tile": ["game/gui.rpy", 207], "gui.history_name_width": ["game/gui.rpy", 345], "gui.language": ["game/gui.rpy", 404], "gui.notify_ypos": ["game/gui.rpy", 252], "gui.nvl_name_xalign": ["game/gui.rpy", 379], "gui.label_text_size": ["game/gui.rpy", 76], "gui.nvl_thought_xalign": ["game/gui.rpy", 392], "gui.namebox_width": ["game/gui.rpy", 116], "gui.vslider_borders": ["game/gui.rpy", 323], "gui.slider_borders": ["game/gui.rpy", 318], "gui.history_allow_tags": ["game/screens.rpy", 919], "gui.notify_frame_borders": ["game/gui.rpy", 291], "gui.name_ypos": ["game/gui.rpy", 108], "gui.pref_button_spacing": ["game/gui.rpy", 264], "config.thumbnail_height": ["game/gui.rpy", 232], "gui.bar_size": ["game/gui.rpy", 306], "gui.choice_button_width": ["game/gui.rpy", 205], "gui.interface_text_font": ["game/gui.rpy", 64], "gui.history_name_ypos": ["game/gui.rpy", 344], "gui.slot_button_text_xalign": ["game/gui.rpy", 227], "gui.nvl_name_xpos": ["game/gui.rpy", 376], "gui.confirm_frame_borders": ["game/gui.rpy", 285], "gui.slider_size": ["game/gui.rpy", 308], "gui.button_height": ["game/gui.rpy", 149], "gui.check_button_borders": ["game/gui.rpy", 183], "gui.choice_spacing": ["game/gui.rpy", 255], "gui.quick_button_borders": ["game/gui.rpy", 189], "gui.choice_button_text_size": ["game/gui.rpy", 210], "gui.vscrollbar_borders": ["game/gui.rpy", 322]}, "transform": {"delayed_blink": ["game/screens.rpy", 1215], "notify_appear": ["game/screens.rpy", 1264]}, "label": {"start": ["game/script.rpy", 1]}}, "error": false, "size": [1280, 720], "build": {"documentation_patterns": ["*.html", "*.txt"], "directory_name": "Arcade-1.0", "display_name": "Arcade", "script_version": true, "destination": "Arcade-1.0-dists", "renpy": false, "allow_integrated_gpu": true, "include_update": false, "base_patterns": [["*.py", null], ["*.sh", null], ["*.app/", null], ["*.dll", null], ["*.manifest", null], ["lib/", null], ["renpy/", null], ["update/", null], ["common/", null], ["update/", null], ["icon.ico", null], ["icon.icns", null], ["project.json", null], ["log.txt", null], ["errors.txt", null], ["traceback.txt", null], ["image_cache.txt", null], ["text_overflow.txt", null], ["dialogue.txt", null], ["dialogue.tab", null], ["profile_screen.txt", null], ["files.txt", null], ["tmp/", null], ["game/saves/", null], ["game/bytecode.rpyb", null], ["archived/", null], ["launcherinfo.py", null], ["android.txt", null], [".android.json", ["android"]], ["android-*.png", ["android"]], ["android-*.jpg", ["android"]], ["ouya_icon.png", null], ["ios-presplash.*", ["ios"]], ["ios-launchimage.png", null], ["ios-icon.png", null], ["web-presplash.png", ["web"]], ["web-presplash.jpg", ["web"]], ["game/**.jpg", ["images"]], ["game/**.png", ["images"]], ["game/**.rpy", ["scripts"]], ["game/**.rpyc", ["scripts"]], ["game/**.txt", ["scripts"]], ["game/**.chr", ["scripts"]], ["game/**.wav", ["audio"]], ["game/**.mp3", ["audio"]], ["game/**.ogg", ["audio"]], ["game/**.ttf", ["fonts"]], ["game/**.otf", ["audio"]], ["**~", null], ["**.bak", null], ["**/.**", null], ["**/#**", null], ["**/thumbs.db", null], ["**.rpy", null], ["**.psd", null], ["**.sublime-project", null], ["**.sublime-workspace", null], ["/music/*.*", null], ["script-regex.txt", null], ["/game/10", null], ["/game/cache/*.*", null], [".*", null], ["**", ["all"]]], "version": "1.0", "archives": [["archive", ["all"]], ["scripts", ["all"]], ["images", ["all"]], ["audio", ["all"]], ["fonts", ["all"]]], "xbit_patterns": ["**.sh", "**/*.so.*", "**/*.so", "**/*.dylib", "lib/**/python", "lib/**/pythonw", "lib/**/zsync", "lib/**/zsyncmake", "**.app/Contents/MacOS/*", "**.app/Contents/MacOS/lib/**/python", "**.app/Contents/MacOS/lib/**/pythonw", "**.app/Contents/MacOS/lib/**/zsync", "**.app/Contents/MacOS/lib/**/zsyncmake"], "exclude_empty_directories": true, "renpy_patterns": [["renpy/common/_compat/**", null], ["renpy/common/_roundrect/**", null], ["renpy/common/_outline/**", null], ["renpy/common/_theme**", null], ["**~", null], ["**/#*", null], ["**/.*", null], ["**.old", null], ["**.new", null], ["**.rpa", null], ["**/*.pyc", null], ["renpy.py", ["all"]], ["renpy/", ["all"]], ["renpy/**.py", ["renpy"]], ["renpy/**.pyx", ["renpy"]], ["renpy/**.pyd", ["renpy"]], ["renpy/**.pxi", ["renpy"]], ["renpy/common/", ["all"]], ["renpy/common/_compat/**", ["renpy"]], ["renpy/common/**.rpy", ["renpy"]], ["renpy/common/**.rpym", ["renpy"]], ["renpy/common/_compat/**", ["renpy"]], ["renpy/common/**", ["all"]], ["renpy/**", ["all"]], ["lib/*/renpy", null], ["lib/*/renpy.exe", null], ["lib/windows-i686/**", ["windows"]], ["lib/linux-*/**", ["linux"]], ["lib/darwin-x86_64/**", ["mac"]], ["/lib/**", ["windows", "linux", "mac"]], ["renpy.sh", ["linux", "mac"]]], "packages": [{"dlc": false, "hidden": false, "description": "PC: Windows and Linux", "formats": ["zip"], "file_lists": ["windows", "linux", "renpy", "all"], "update": true, "name": "pc"}, {"dlc": false, "hidden": false, "description": "Linux x86/x86_64", "formats": ["tar.bz2"], "file_lists": ["linux", "renpy", "all"], "update": true, "name": "linux"}, {"dlc": false, "hidden": false, "description": "Macintosh x86_64", "formats": ["app-zip", "app-dmg"], "file_lists": ["mac", "renpy", "all"], "update": true, "name": "mac"}, {"dlc": false, "hidden": false, "description": "Windows x86", "formats": ["zip"], "file_lists": ["windows", "renpy", "all"], "update": true, "name": "win"}, {"dlc": false, "hidden": false, "description": "Windows, Mac, Linux for Markets", "formats": ["zip"], "file_lists": ["windows", "linux", "mac", "renpy", "all"], "update": true, "name": "market"}, {"dlc": false, "hidden": true, "description": "steam", "formats": ["zip"], "file_lists": ["windows", "linux", "mac", "renpy", "all"], "update": true, "name": "steam"}, {"dlc": true, "hidden": true, "description": "android", "formats": ["directory"], "file_lists": ["android", "all"], "update": false, "name": "android"}, {"dlc": true, "hidden": true, "description": "ios", "formats": ["directory"], "file_lists": ["ios", "all"], "update": false, "name": "ios"}, {"dlc": true, "hidden": false, "description": "web", "formats": ["zip"], "file_lists": ["web", "all"], "update": false, "name": "web"}], "executable_name": "Arcade"}}